model,subreddit,collection_date (M/D/Y),language,country,translated,portion_positive,native
NLTK NB,r/Suomi,4/6/22,Finnish,Finland,FALSE,0.703,TRUE
NLTK NB,r/Suomi,4/6/22,Finnish,Finland,FALSE,0.703,TRUE
NLTK NB,r/Suomi,4/6/22,Finnish,Finland,FALSE,0.739,TRUE
NLTK NB,r/Suomi,4/6/22,Finnish,Finland,TRUE,0.681,TRUE
NLTK NB,r/Suomi,4/6/22,Finnish,Finland,TRUE,0.688,TRUE
NLTK NB,r/Suomi,4/6/22,Finnish,Finland,TRUE,0.703,TRUE
NLTK NB,r/Finland,4/6/22,English,Finland,FALSE,0.818,FALSE
NLTK NB,r/Finland,4/6/22,English,Finland,FALSE,0.836,FALSE
SKL NB,r/Suomi,4/6/22,Finnish,Finland,FALSE,0.739,TRUE
SKL NB,r/Suomi,4/6/22,Finnish,Finland,FALSE,0.754,TRUE
NLTK SVM,r/Suomi,4/6/22,Finnish,Finland,FALSE,0.572,TRUE
NLTK SVM,r/Suomi,4/6/22,Finnish,Finland,FALSE,0.594,TRUE
Self-built NB,r/Suomi,4/6/22,Finnish,Finland,FALSE,0.227,TRUE
Self-built NB,r/Suomi,4/6/22,Finnish,Finland,FALSE,0.241,TRUE
NLTK NB,r/poland,4/26/22,English,Poland,FALSE,0.815,FALSE
NLTK NB,r/poland,4/26/22,English,Poland,FALSE,0.795,FALSE
NLTK NB,r/poland,4/26/22,English,Poland,FALSE,0.786,FALSE
NLTK NB,r/Brazil,4/27/22,English,Brazil,FALSE,0.783,FALSE
NLTK NB,r/Brazil,4/27/22,English,Brazil,FALSE,0.813,FALSE
NLTK NB,r/Brazil,4/27/22,English,Brazil,FALSE,0.789,FALSE
NLTK NB,r/Finland,4/27/22,English,Finland,FALSE,0.711,FALSE
NLTK NB,r/Turkey,4/27/22,English,Turkey,FALSE,0.853,FALSE
NLTK NB,r/China,4/27/22,English,China,FALSE,0.670,FALSE
NLTK NB,r/japan,4/27/22,English,Japan,FALSE,0.722,FALSE
NLTK NB,r/Thailand,4/27/22,English,Thailand,FALSE,0.719,FALSE
NLTK NB,r/spain,4/27/22,English,Spain,FALSE,0.952,FALSE
NLTK NB,r/southafrica,4/27/22,English,South Africa,FALSE,0.722,FALSE
NLTK NB,r/Norway,4/27/22,English,Norway,FALSE,0.769,FALSE
NLTK NB,r/Polska,4/27/22,Polish,Poland,TRUE,0.734,TRUE
NLTK NB,r/brasil,4/27/22,Portuguese,Brazil,TRUE,0.810,TRUE
NLTK NB,r/Suomi,4/27/22,Finnish,Finland,TRUE,0.754,TRUE
NLTK NB,r/Turkiye,4/27/22,Turkish,Turkey,TRUE,0.900,TRUE
NLTK NB,r/China_irl,4/27/22,Chinese,China,TRUE,0.675,TRUE
NLTK NB,r/ja,4/27/22,Japanese,Japan,TRUE,0.754,TRUE
NLTK NB,r/thaithai,4/27/22,Thai,Thailand,TRUE,0.847,TRUE
NLTK NB,r/es,4/27/22,Spanish,Spain,TRUE,0.936,TRUE
NLTK NB,r/RSA,4/27/22,English,South Africa,FALSE,0.919,TRUE
NLTK NB,r/norge,4/27/22,Norwegian,Norway,TRUE,0.840,TRUE
NLTK NB,r/Finland,4/27/22,English,Finland,FALSE,0.775,FALSE
NLTK NB,r/Turkey,4/27/22,English,Turkey,FALSE,0.884,FALSE
NLTK NB,r/China,4/27/22,English,China,FALSE,0.695,FALSE
NLTK NB,r/japan,4/27/22,English,Japan,FALSE,0.750,FALSE
NLTK NB,r/Thailand,4/27/22,English,Thailand,FALSE,0.787,FALSE
NLTK NB,r/spain,4/27/22,English,Spain,FALSE,0.937,FALSE
NLTK NB,r/southafrica,4/27/22,English,South Africa,FALSE,0.767,FALSE
NLTK NB,r/Norway,4/27/22,English,Norway,FALSE,0.779,FALSE
NLTK NB,r/Polska,4/27/22,Polish,Poland,TRUE,0.789,TRUE
NLTK NB,r/brasil,4/27/22,Portuguese,Brazil,TRUE,0.819,TRUE
NLTK NB,r/Suomi,4/27/22,Finnish,Finland,TRUE,0.781,TRUE
NLTK NB,r/Turkiye,4/27/22,Turkish,Turkey,TRUE,0.886,TRUE
NLTK NB,r/China_irl,4/27/22,Chinese,China,TRUE,0.730,TRUE
NLTK NB,r/ja,4/27/22,Japanese,Japan,TRUE,0.804,TRUE
NLTK NB,r/thaithai,4/27/22,Thai,Thailand,TRUE,0.860,TRUE
NLTK NB,r/es,4/27/22,Spanish,Spain,TRUE,0.936,TRUE
NLTK NB,r/RSA,4/27/22,English,South Africa,FALSE,0.903,TRUE
NLTK NB,r/norge,4/27/22,Norwegian,Norway,TRUE,0.824,TRUE
NLTK NB,r/Finland,4/27/22,English,Finland,FALSE,0.759,FALSE
NLTK NB,r/Turkey,4/27/22,English,Turkey,FALSE,0.858,FALSE
NLTK NB,r/China,4/27/22,English,China,FALSE,0.681,FALSE
NLTK NB,r/japan,4/27/22,English,Japan,FALSE,0.764,FALSE
NLTK NB,r/Thailand,4/27/22,English,Thailand,FALSE,0.775,FALSE
NLTK NB,r/spain,4/27/22,English,Spain,FALSE,0.937,FALSE
NLTK NB,r/southafrica,4/27/22,English,South Africa,FALSE,0.767,FALSE
NLTK NB,r/Norway,4/27/22,English,Norway,FALSE,0.779,FALSE
NLTK NB,r/Polska,4/27/22,Polish,Poland,TRUE,0.813,TRUE
NLTK NB,r/brasil,4/27/22,Portuguese,Brazil,TRUE,0.790,TRUE
NLTK NB,r/Suomi,4/27/22,Finnish,Finland,TRUE,0.754,TRUE
NLTK NB,r/Turkiye,4/27/22,Turkish,Turkey,TRUE,0.900,TRUE
NLTK NB,r/China_irl,4/27/22,Chinese,China,TRUE,0.742,TRUE
NLTK NB,r/ja,4/27/22,Japanese,Japan,TRUE,0.779,TRUE
NLTK NB,r/thaithai,4/27/22,Thai,Thailand,TRUE,0.869,TRUE
NLTK NB,r/es,4/27/22,Spanish,Spain,TRUE,0.926,TRUE
NLTK NB,r/RSA,4/27/22,English,South Africa,FALSE,0.903,TRUE
NLTK NB,r/norge,4/27/22,Norwegian,Norway,TRUE,0.817,TRUE